{
  "generated_at": "2026-07-01T08:49:09.410703+00:00",
  "n_tasks": 18,
  "models": [
    {
      "model": "groq/llama-3.3-70b-versatile",
      "scaffold_version": "0.1.0",
      "n_tasks": 18,
      "n_runs": 54,
      "n_seeds": 3,
      "pass_at_1": 0.9629629629629629,
      "pass_at_k": 1.0,
      "mean_cost_usd": 0.0,
      "mean_tokens": 3724.3333333333335,
      "mean_wall_s": 30.473222222222223
    },
    {
      "model": "groq/openai/gpt-oss-120b",
      "scaffold_version": "0.1.0",
      "n_tasks": 18,
      "n_runs": 54,
      "n_seeds": 3,
      "pass_at_1": 0.8888888888888888,
      "pass_at_k": 1.0,
      "mean_cost_usd": 0.0,
      "mean_tokens": 3750.8333333333335,
      "mean_wall_s": 30.97844444444445
    },
    {
      "model": "groq/llama-3.1-8b-instant",
      "scaffold_version": "0.1.0",
      "n_tasks": 18,
      "n_runs": 54,
      "n_seeds": 3,
      "pass_at_1": 0.6111111111111112,
      "pass_at_k": 0.7777777777777778,
      "mean_cost_usd": 0.0,
      "mean_tokens": 3200.0555555555557,
      "mean_wall_s": 30.050722222222223
    }
  ]
}