{
  "generated_at": "2026-06-23T08:28:06.709871+00:00",
  "n_tasks": 18,
  "models": [
    {
      "model": "groq/llama-3.3-70b-versatile",
      "scaffold_version": "0.1.0",
      "n_tasks": 18,
      "n_runs": 54,
      "n_seeds": 3,
      "pass_at_1": 0.9814814814814815,
      "pass_at_k": 1.0,
      "mean_cost_usd": 0.0,
      "mean_tokens": 3327.777777777778,
      "mean_wall_s": 33.153555555555556
    },
    {
      "model": "groq/openai/gpt-oss-120b",
      "scaffold_version": "0.1.0",
      "n_tasks": 18,
      "n_runs": 54,
      "n_seeds": 3,
      "pass_at_1": 0.9259259259259258,
      "pass_at_k": 1.0,
      "mean_cost_usd": 0.0,
      "mean_tokens": 3719.1111111111113,
      "mean_wall_s": 32.38422222222223
    },
    {
      "model": "groq/llama-3.1-8b-instant",
      "scaffold_version": "0.1.0",
      "n_tasks": 18,
      "n_runs": 54,
      "n_seeds": 3,
      "pass_at_1": 0.5370370370370371,
      "pass_at_k": 0.6666666666666666,
      "mean_cost_usd": 0.0,
      "mean_tokens": 3172.5555555555557,
      "mean_wall_s": 31.412444444444443
    }
  ]
}