{
  "generated_at": "2026-06-24T08:23:10.281260+00:00",
  "n_tasks": 18,
  "models": [
    {
      "model": "groq/llama-3.3-70b-versatile",
      "scaffold_version": "0.1.0",
      "n_tasks": 18,
      "n_runs": 54,
      "n_seeds": 3,
      "pass_at_1": 0.9814814814814814,
      "pass_at_k": 1.0,
      "mean_cost_usd": 0.0,
      "mean_tokens": 3769.8333333333335,
      "mean_wall_s": 32.3765
    },
    {
      "model": "groq/openai/gpt-oss-120b",
      "scaffold_version": "0.1.0",
      "n_tasks": 18,
      "n_runs": 54,
      "n_seeds": 3,
      "pass_at_1": 0.9444444444444444,
      "pass_at_k": 0.9444444444444444,
      "mean_cost_usd": 0.0,
      "mean_tokens": 3873.9444444444443,
      "mean_wall_s": 32.10883333333334
    },
    {
      "model": "groq/llama-3.1-8b-instant",
      "scaffold_version": "0.1.0",
      "n_tasks": 18,
      "n_runs": 54,
      "n_seeds": 3,
      "pass_at_1": 0.537037037037037,
      "pass_at_k": 0.6666666666666666,
      "mean_cost_usd": 0.0,
      "mean_tokens": 3405.4444444444443,
      "mean_wall_s": 32.184999999999995
    }
  ]
}