{
  "generated_at": "2026-06-14T08:51:39.511267+00:00",
  "n_tasks": 18,
  "models": [
    {
      "model": "groq/llama-3.3-70b-versatile",
      "scaffold_version": "0.1.0",
      "n_tasks": 18,
      "n_runs": 54,
      "n_seeds": 3,
      "pass_at_1": 0.9444444444444444,
      "pass_at_k": 1.0,
      "mean_cost_usd": 0.0,
      "mean_tokens": 3486.9444444444443,
      "mean_wall_s": 30.522722222222228
    },
    {
      "model": "groq/openai/gpt-oss-120b",
      "scaffold_version": "0.1.0",
      "n_tasks": 18,
      "n_runs": 54,
      "n_seeds": 3,
      "pass_at_1": 0.8888888888888888,
      "pass_at_k": 0.9444444444444444,
      "mean_cost_usd": 0.0,
      "mean_tokens": 4027.1111111111113,
      "mean_wall_s": 33.24422222222222
    },
    {
      "model": "groq/llama-3.1-8b-instant",
      "scaffold_version": "0.1.0",
      "n_tasks": 18,
      "n_runs": 54,
      "n_seeds": 3,
      "pass_at_1": 0.574074074074074,
      "pass_at_k": 0.6666666666666666,
      "mean_cost_usd": 0.0,
      "mean_tokens": 3321.8333333333335,
      "mean_wall_s": 32.725666666666676
    }
  ]
}