{
  "generated_at": "2026-06-05T08:45:35.213882+00:00",
  "n_tasks": 18,
  "models": [
    {
      "model": "groq/llama-3.3-70b-versatile",
      "scaffold_version": "0.1.0",
      "n_tasks": 18,
      "n_runs": 54,
      "n_seeds": 3,
      "pass_at_1": 0.925925925925926,
      "pass_at_k": 1.0,
      "mean_cost_usd": 0.0,
      "mean_tokens": 3695.3888888888887,
      "mean_wall_s": 30.41911111111111
    },
    {
      "model": "groq/openai/gpt-oss-120b",
      "scaffold_version": "0.1.0",
      "n_tasks": 18,
      "n_runs": 54,
      "n_seeds": 3,
      "pass_at_1": 0.925925925925926,
      "pass_at_k": 0.9444444444444444,
      "mean_cost_usd": 0.0,
      "mean_tokens": 4034.1111111111113,
      "mean_wall_s": 31.839888888888893
    },
    {
      "model": "groq/llama-3.1-8b-instant",
      "scaffold_version": "0.1.0",
      "n_tasks": 18,
      "n_runs": 54,
      "n_seeds": 3,
      "pass_at_1": 0.6296296296296297,
      "pass_at_k": 0.7777777777777778,
      "mean_cost_usd": 0.0,
      "mean_tokens": 3233.8888888888887,
      "mean_wall_s": 31.57988888888889
    }
  ]
}