{
  "generated_at": "2026-06-09T08:30:32.798003+00:00",
  "n_tasks": 18,
  "models": [
    {
      "model": "groq/llama-3.3-70b-versatile",
      "scaffold_version": "0.1.0",
      "n_tasks": 18,
      "n_runs": 54,
      "n_seeds": 3,
      "pass_at_1": 0.9444444444444444,
      "pass_at_k": 1.0,
      "mean_cost_usd": 0.0,
      "mean_tokens": 3703.1111111111113,
      "mean_wall_s": 30.97816666666667
    },
    {
      "model": "groq/openai/gpt-oss-120b",
      "scaffold_version": "0.1.0",
      "n_tasks": 18,
      "n_runs": 54,
      "n_seeds": 3,
      "pass_at_1": 0.8888888888888888,
      "pass_at_k": 0.9444444444444444,
      "mean_cost_usd": 0.0,
      "mean_tokens": 3761.3888888888887,
      "mean_wall_s": 31.769499999999994
    },
    {
      "model": "groq/llama-3.1-8b-instant",
      "scaffold_version": "0.1.0",
      "n_tasks": 18,
      "n_runs": 54,
      "n_seeds": 3,
      "pass_at_1": 0.537037037037037,
      "pass_at_k": 0.6111111111111112,
      "mean_cost_usd": 0.0,
      "mean_tokens": 3426.0,
      "mean_wall_s": 33.12883333333334
    }
  ]
}