{
  "generated_at": "2026-06-08T09:32:53.419670+00:00",
  "n_tasks": 18,
  "models": [
    {
      "model": "groq/llama-3.3-70b-versatile",
      "scaffold_version": "0.1.0",
      "n_tasks": 18,
      "n_runs": 54,
      "n_seeds": 3,
      "pass_at_1": 0.9444444444444444,
      "pass_at_k": 1.0,
      "mean_cost_usd": 0.0,
      "mean_tokens": 3529.3888888888887,
      "mean_wall_s": 31.152722222222224
    },
    {
      "model": "groq/openai/gpt-oss-120b",
      "scaffold_version": "0.1.0",
      "n_tasks": 18,
      "n_runs": 54,
      "n_seeds": 3,
      "pass_at_1": 0.925925925925926,
      "pass_at_k": 0.9444444444444444,
      "mean_cost_usd": 0.0,
      "mean_tokens": 3952.5,
      "mean_wall_s": 33.197833333333335
    },
    {
      "model": "groq/llama-3.1-8b-instant",
      "scaffold_version": "0.1.0",
      "n_tasks": 18,
      "n_runs": 54,
      "n_seeds": 3,
      "pass_at_1": 0.5185185185185185,
      "pass_at_k": 0.6666666666666666,
      "mean_cost_usd": 0.0,
      "mean_tokens": 3342.6666666666665,
      "mean_wall_s": 32.73016666666667
    }
  ]
}