{
  "generated_at": "2026-06-15T11:02:35.386578+00:00",
  "n_tasks": 18,
  "models": [
    {
      "model": "groq/llama-3.3-70b-versatile",
      "scaffold_version": "0.1.0",
      "n_tasks": 18,
      "n_runs": 54,
      "n_seeds": 3,
      "pass_at_1": 0.9814814814814815,
      "pass_at_k": 1.0,
      "mean_cost_usd": 0.0,
      "mean_tokens": 3696.222222222222,
      "mean_wall_s": 32.0495
    },
    {
      "model": "groq/openai/gpt-oss-120b",
      "scaffold_version": "0.1.0",
      "n_tasks": 18,
      "n_runs": 54,
      "n_seeds": 3,
      "pass_at_1": 0.9444444444444444,
      "pass_at_k": 0.9444444444444444,
      "mean_cost_usd": 0.0,
      "mean_tokens": 3925.5,
      "mean_wall_s": 33.59850000000001
    },
    {
      "model": "groq/llama-3.1-8b-instant",
      "scaffold_version": "0.1.0",
      "n_tasks": 18,
      "n_runs": 54,
      "n_seeds": 3,
      "pass_at_1": 0.574074074074074,
      "pass_at_k": 0.6666666666666666,
      "mean_cost_usd": 0.0,
      "mean_tokens": 3210.3333333333335,
      "mean_wall_s": 31.79444444444444
    }
  ]
}