{
  "generated_at": "2026-06-07T08:31:24.160368+00:00",
  "n_tasks": 18,
  "models": [
    {
      "model": "groq/llama-3.3-70b-versatile",
      "scaffold_version": "0.1.0",
      "n_tasks": 18,
      "n_runs": 54,
      "n_seeds": 3,
      "pass_at_1": 0.9629629629629629,
      "pass_at_k": 1.0,
      "mean_cost_usd": 0.0,
      "mean_tokens": 3696.6666666666665,
      "mean_wall_s": 31.610833333333332
    },
    {
      "model": "groq/openai/gpt-oss-120b",
      "scaffold_version": "0.1.0",
      "n_tasks": 18,
      "n_runs": 54,
      "n_seeds": 3,
      "pass_at_1": 0.9444444444444444,
      "pass_at_k": 1.0,
      "mean_cost_usd": 0.0,
      "mean_tokens": 4071.777777777778,
      "mean_wall_s": 32.81938888888888
    },
    {
      "model": "groq/llama-3.1-8b-instant",
      "scaffold_version": "0.1.0",
      "n_tasks": 18,
      "n_runs": 54,
      "n_seeds": 3,
      "pass_at_1": 0.537037037037037,
      "pass_at_k": 0.6111111111111112,
      "mean_cost_usd": 0.0,
      "mean_tokens": 3035.8888888888887,
      "mean_wall_s": 30.954277777777772
    }
  ]
}