{
  "generated_at": "2026-06-13T08:26:42.486471+00:00",
  "n_tasks": 18,
  "models": [
    {
      "model": "groq/llama-3.3-70b-versatile",
      "scaffold_version": "0.1.0",
      "n_tasks": 18,
      "n_runs": 54,
      "n_seeds": 3,
      "pass_at_1": 0.9629629629629629,
      "pass_at_k": 1.0,
      "mean_cost_usd": 0.0,
      "mean_tokens": 3698.277777777778,
      "mean_wall_s": 32.201
    },
    {
      "model": "groq/openai/gpt-oss-120b",
      "scaffold_version": "0.1.0",
      "n_tasks": 18,
      "n_runs": 54,
      "n_seeds": 3,
      "pass_at_1": 0.9074074074074073,
      "pass_at_k": 1.0,
      "mean_cost_usd": 0.0,
      "mean_tokens": 3786.0555555555557,
      "mean_wall_s": 33.06116666666667
    },
    {
      "model": "groq/llama-3.1-8b-instant",
      "scaffold_version": "0.1.0",
      "n_tasks": 18,
      "n_runs": 54,
      "n_seeds": 3,
      "pass_at_1": 0.5370370370370371,
      "pass_at_k": 0.7222222222222222,
      "mean_cost_usd": 0.0,
      "mean_tokens": 3343.5,
      "mean_wall_s": 32.3745
    }
  ]
}