{
  "generated_at": "2026-06-25T08:22:54.275512+00:00",
  "n_tasks": 18,
  "models": [
    {
      "model": "groq/openai/gpt-oss-120b",
      "scaffold_version": "0.1.0",
      "n_tasks": 18,
      "n_runs": 54,
      "n_seeds": 3,
      "pass_at_1": 0.9259259259259258,
      "pass_at_k": 0.9444444444444444,
      "mean_cost_usd": 0.0,
      "mean_tokens": 3854.222222222222,
      "mean_wall_s": 31.64638888888889
    },
    {
      "model": "groq/llama-3.3-70b-versatile",
      "scaffold_version": "0.1.0",
      "n_tasks": 18,
      "n_runs": 54,
      "n_seeds": 3,
      "pass_at_1": 0.9074074074074073,
      "pass_at_k": 1.0,
      "mean_cost_usd": 0.0,
      "mean_tokens": 3490.6666666666665,
      "mean_wall_s": 29.58538888888889
    },
    {
      "model": "groq/llama-3.1-8b-instant",
      "scaffold_version": "0.1.0",
      "n_tasks": 18,
      "n_runs": 54,
      "n_seeds": 3,
      "pass_at_1": 0.4999999999999999,
      "pass_at_k": 0.6111111111111112,
      "mean_cost_usd": 0.0,
      "mean_tokens": 3162.5555555555557,
      "mean_wall_s": 30.085777777777782
    }
  ]
}