{
  "generated_at": "2026-06-04T09:04:46.475114+00:00",
  "n_tasks": 18,
  "models": [
    {
      "model": "groq/llama-3.3-70b-versatile",
      "scaffold_version": "0.1.0",
      "n_tasks": 18,
      "n_runs": 54,
      "n_seeds": 3,
      "pass_at_1": 0.9814814814814815,
      "pass_at_k": 1.0,
      "mean_cost_usd": 0.0,
      "mean_tokens": 3696.5,
      "mean_wall_s": 32.16077777777778
    },
    {
      "model": "groq/openai/gpt-oss-120b",
      "scaffold_version": "0.1.0",
      "n_tasks": 18,
      "n_runs": 54,
      "n_seeds": 3,
      "pass_at_1": 0.9444444444444444,
      "pass_at_k": 0.9444444444444444,
      "mean_cost_usd": 0.0,
      "mean_tokens": 3868.1666666666665,
      "mean_wall_s": 33.69905555555555
    },
    {
      "model": "groq/llama-3.1-8b-instant",
      "scaffold_version": "0.1.0",
      "n_tasks": 18,
      "n_runs": 54,
      "n_seeds": 3,
      "pass_at_1": 0.6296296296296295,
      "pass_at_k": 0.7222222222222222,
      "mean_cost_usd": 0.0,
      "mean_tokens": 3137.3888888888887,
      "mean_wall_s": 33.105333333333334
    }
  ]
}