{
  "generated_at": "2026-06-01T10:04:02.639082+00:00",
  "n_tasks": 18,
  "models": [
    {
      "model": "groq/llama-3.3-70b-versatile",
      "scaffold_version": "0.1.0",
      "n_tasks": 18,
      "n_runs": 54,
      "n_seeds": 3,
      "pass_at_1": 0.9629629629629629,
      "pass_at_k": 1.0,
      "mean_cost_usd": 0.0,
      "mean_tokens": 3697.222222222222,
      "mean_wall_s": 31.081999999999994
    },
    {
      "model": "groq/openai/gpt-oss-120b",
      "scaffold_version": "0.1.0",
      "n_tasks": 18,
      "n_runs": 54,
      "n_seeds": 3,
      "pass_at_1": 0.8703703703703703,
      "pass_at_k": 0.9444444444444444,
      "mean_cost_usd": 0.0,
      "mean_tokens": 3747.9444444444443,
      "mean_wall_s": 31.1555
    },
    {
      "model": "groq/llama-3.1-8b-instant",
      "scaffold_version": "0.1.0",
      "n_tasks": 18,
      "n_runs": 54,
      "n_seeds": 3,
      "pass_at_1": 0.5555555555555556,
      "pass_at_k": 0.6111111111111112,
      "mean_cost_usd": 0.0,
      "mean_tokens": 3024.0,
      "mean_wall_s": 30.63777777777777
    }
  ]
}